"0) Number","1) Category","2) Name of the tour","3) Locations","4) Short description","5) Primary country","6) Secondary country","7) Third country"
"1","European Escapes","Romantic Italian Journey","Venice, Florence, Rome","Experience iconic sites with world-class art, architecture and ancient history while staying in unrivalled luxury boutique hotels.","Italy","NA","NA"
"2","European Escapes","Amalfi Coast Splendor","Positano, Ravello, Capri","Indulge in the breathtaking beauty of Italy's most romantic coastline with cliffside dining, private boat tours, and luxury accommodations overlooking the Mediterranean.","Italy","NA","NA"
"3","European Escapes","Epic Southern Italy","Amalfi Coast, Basilicata, Puglia","Tour of southern Italy featuring the glamour of Amalfi Coast and pristine beaches of Puglia with luxury boutique hotels and authentic culinary experiences.","Italy","NA","NA"
"4","European Escapes","Tuscan Countryside Retreat","Florence, Chianti, Siena","Immerse yourselves in the rolling hills of Tuscany, staying in converted villas, savoring farm-to-table cuisine, and exploring charming hilltop towns.","Italy","NA","NA"
"5","European Escapes","Greek Island Odyssey","Athens, Santorini, Mykonos","Discover the beauty and romance of Greece's most iconic islands, from historical Athens to the stunning caldera views and sunsets of Santorini and the vibrant energy of Mykonos.","Greece","NA","NA"
"6","European Escapes","Hidden Greek Treasures","Athens, Milos, Sifnos, Naxos","Off-the-beaten-track island hopping with unique experiences, secret hideaways, and authentic cuisine away from the tourist crowds.","Greece","NA","NA"
"7","European Escapes","Ultimate Peloponnese","Mani, Monemvasia, Porto Heli","Journey through Greece's unspoilt Peloponnese with dramatic landscapes, ancient architecture and breathtaking views at boutique luxury properties.","Greece","NA","NA"
"8","European Escapes","Aegean Sailing Adventure","Mykonos, Santorini, Crete, Rhodes","A luxurious sailing adventure through the Greek Islands, experiencing the best of the Aegean Sea, with secluded coves, gourmet dining onboard, and exclusive island hopping.","Greece","NA","NA"
"9","European Escapes","French Riviera Romance","Paris, Cannes, Côte d'Azur, Monaco","Journey through France's most enchanting destinations, from Paris's cultural wonders to the glamour and azure waters of the Mediterranean coast.","France","NA","NA"
"10","European Escapes","Provence & Côte d'Azur","Aix-en-Provence, Saint-Tropez, Nice","Immerse yourselves in the lavender fields, charming villages, and sun-drenched beaches of southern France with exceptional wine and cuisine.","France","NA","NA"
"11","European Escapes","Parisian Chic & Champagne","Paris, Champagne Region","Experience the romance of Paris with luxury stays, fine dining, and then venture into the Champagne region for vineyard tours and tastings.","France","NA","NA"
"12","European Escapes","Sunlit Soul of Spain","Madrid, Seville, Granada, Montecorto","Journey through Spain's vibrant culture from Madrid to Andalucia with magnificent architecture, historic cities, and scenic countryside.","Spain","NA","NA"
"13","European Escapes","Spanish Coastal Romance","Barcelona, Valencia, Mallorca","Experience the Mediterranean charm of Spain's eastern coast, combining urban sophistication with island relaxation and exceptional cuisine.","Spain","NA","NA"
"14","European Escapes","Balearic Island Bliss","Mallorca, Ibiza, Formentera","Discover the diverse beauty of Spain's Mediterranean islands, from Mallorca's mountain vistas to Ibiza's secluded coves and Formentera's pristine beaches.","Spain","NA","NA"
"15","European Escapes","Andalusian Dream","Seville, Cordoba, Granada, Ronda","Explore the heart of Andalusia, from the Alcazar of Seville to the Alhambra of Granada, experiencing the passion of flamenco and Moorish heritage.","Spain","NA","NA"
"16","European Escapes","Portuguese Passion","Lisbon, Douro Valley, Algarve","Experience Portugal's rich culture, renowned wine region, and stunning southern coastline while staying in converted palaces and luxury quintas.","Portugal","NA","NA"
"17","European Escapes","Epic Portugal","Lisbon, Comporta","Combines cosmopolitan city exploration with pristine beaches and exceptional gastronomy experiences in Portugal's most stylish destinations.","Portugal","NA","NA"
"18","European Escapes","Alpine Elegance","Lake Como, Swiss Alps, Lake Lucerne","Experience the majestic beauty of the Alps across Italy and Switzerland, with lakeside luxury, mountain adventures, and world-class hospitality.","Switzerland","Italy","NA"
"19","European Escapes","Croatian Dalmatian Coast","Dubrovnik, Hvar, Split","Explore the crystal-clear waters and historic towns of Croatia's stunning coastline with private yacht excursions and palace accommodations.","Croatia","NA","NA"
"20","European Escapes","British Isles Adventure","London, Scottish Highlands, Cotswolds","Find romance among the idyllic landscapes and quaint villages of England and Scotland, with luxury accommodations and activities tailored to your interests.","United Kingdom","NA","NA"
"21","European Escapes","Scottish Highlands & Island Escape","Edinburgh, Isle of Skye, Inverness","Experience the rugged beauty of Scotland, from the vibrant city of Edinburgh to the mystical Isle of Skye and the historic Highlands.","United Kingdom","NA","NA"
"22","European Escapes","Irish Castles & Coastlines","Dublin, Ring of Kerry, Galway","Discover the charm of Ireland, staying in historic castles, exploring dramatic coastlines, and enjoying traditional Irish music and hospitality.","Ireland","NA","NA"
"23","European Escapes","Turkish Delights","Istanbul, Cappadocia, Bodrum","Varied itinerary combining cultural sights, otherworldly landscapes, and the Turkish coastline with hot air balloon rides and private hammam experiences.","Turkey","NA","NA"
"24","European Escapes","Scandinavian Splendor","Copenhagen, Stockholm, Oslo","Experience the best of Scandinavia with its cutting-edge design, rich history, and stunning natural beauty across three captivating capitals.","Denmark","Sweden","Norway"
"25","European Escapes","Norwegian Fjords & Northern Lights","Bergen, Tromsø, Lofoten Islands","Witness the breathtaking fjords of Norway, chase the Northern Lights, and experience Arctic adventures in a land of midnight sun and polar nights.","Norway","NA","NA"
"26","European Escapes","Romantic Rhine River Cruise","Amsterdam, Cologne, Strasbourg, Basel","Embark on a luxurious river cruise along the Rhine, exploring charming medieval towns and picturesque landscapes while enjoying world-class cuisine and service.","Germany","France","Netherlands"
"27","Asian Wonders","Bali Serenity","Ubud, Munduk, Manggis","Perfect for an indulgent Balinese honeymoon, taking in Bali's beautiful rural scenery, spiritual temples, and luxury beach retreats.","Indonesia","NA","NA"
"28","Asian Wonders","Epic Bali and Lombok","Ubud, Uluwatu, Lombok","An exciting Indonesian break with culture, varied scenery, adventure, tropical sun and beach bars while staying at luxury boutique properties.","Indonesia","NA","NA"
"29","Asian Wonders","Thailand Treasures","Bangkok, Chiang Mai, Koh Samui","Experience Thailand's vibrant culture, ancient temples, and pristine beaches with luxury accommodations and private experiences throughout.","Thailand","NA","NA"
"30","Asian Wonders","Perfect Thailand","Bangkok, Chiang Mai, Phuket","Expertly mapped itinerary including floating market tours, ethical elephant experiences, and island adventures with private pool villas.","Thailand","NA","NA"
"31","Asian Wonders","Luxury in Thailand","Bangkok, Koh Yao Noi, Krabi","The ultimate secluded escape featuring Six Senses Yao Noi and other exotic resorts offering privacy, luxury, and unforgettable experiences.","Thailand","NA","NA"
"32","Asian Wonders","Vietnam Heritage & Beach","Hanoi, Hoi An, Con Dao Islands","Discover Vietnam's rich cultural heritage and pristine beaches, from the historic streets of Hanoi to the untouched paradise of Con Dao.","Vietnam","NA","NA"
"33","Asian Wonders","Japan's Timeless Beauty","Tokyo, Kyoto, Hakone","Experience Japan's delightful diversity with stops at the main highlights, combining ancient traditions with modern luxury and natural hot springs.","Japan","NA","NA"
"34","Asian Wonders","Exceptional Japan","Tokyo, Kiso Valley, Kyoto, Miyajimaguchi, Lake Kawaguchi","Explore a different side of Japan by walking the Nakasendo Trail, an ancient postal route through wild forests, while experiencing the country's most inspiring cities.","Japan","NA","NA"
"35","Asian Wonders","Maldives Overwater Dream","Male Atoll, Baa Atoll","Experience the ultimate in barefoot luxury with overwater villas, private plunge pools, and world-class diving in the crystal-clear waters of the Indian Ocean.","Maldives","NA","NA"
"36","Asian Wonders","Twin Centre Seychelles","Denis Island, Praslin","Experience the diversity of the Seychelles by island hopping with barefoot luxury on Denis Private Island and stylish luxury on Praslin.","Seychelles","NA","NA"
"37","Asian Wonders","Epic Oman and the Maldives","Muscat, Wahiba Sands, Nizwa, Maldives","Combines adrenaline-filled moments and cultural adventures with relaxation, exploring Oman's deserts and mountains before finishing in the Maldives.","Oman","Maldives","NA"
"38","Asian Wonders","Treasures of the Tropics: Sri Lanka and the Maldives","Sri Lanka, Maldives","Blend of Sri Lanka's rich culture and the Maldives' serene beauty, from ancient ruins and tea hills to safari in Yala, ending with pristine beaches.","Sri Lanka","Maldives","NA"
"39","Asian Wonders","Honeymoon to Sri Lanka","Koggala, Yala National Park, Tea Country, Bentota","Combines idyllic beaches, breathtaking adventures, and culture, from spotting leopards on safari and sipping fresh tea in the rolling hills to oceanfront luxury.","Sri Lanka","NA","NA"
"40","Asian Wonders","Jewels of Jordan & Petra","Amman, Petra, Wadi Rum, Dead Sea","Discover the ancient city of Petra, explore the Wadi Rum desert, and float in the Dead Sea in this unforgettable Jordanian adventure.","Jordan","NA","NA"
"41","Asian Wonders","Honeymoon to China","Shanghai, Beijing, Lijiang, Yangshuo, Hong Kong","Journey through China's cosmopolitan cities, incredible history, and stunning scenery from the Great Wall to the karst mountains of Yangshuo.","China","NA","NA"
"42","Asian Wonders","Active China","Shanghai, Lijiang, Shangri-La, Guilin, Longji, Hong Kong","Perfect for those who like to be more active, with plenty of opportunity to explore China's beautiful countryside in an adventurous way.","China","NA","NA"
"43","Asian Wonders","Maldives and Dubai","Dubai, Maldives","Combines the exotic Middle East with a desert safari and shopping in Dubai with overwater bungalow luxury in the Maldives.","United Arab Emirates","Maldives","NA"
"44","Asian Wonders","Borneo Rainforest & Reef","Sabah, Malaysian Borneo","An adventurous escape into the wilds of Borneo, exploring lush rainforests, encountering orangutans, and diving in pristine coral reefs.","Malaysia","NA","NA"
"45","Asian Wonders","Bhutanese Himalayan Retreat","Paro, Thimphu","Discover the Land of the Thunder Dragon, with its unique culture, stunning monasteries, and breathtaking Himalayan landscapes.","Bhutan","NA","NA"
"46","African Adventures","Ultimate South Africa","Kalahari Reserve, Cape Town, Winelands","Tour of South Africa's select properties, from the wilds of the Kalahari to sophisticated Cape Town and the scenic wine regions.","South Africa","NA","NA"
"47","African Adventures","Ultimate South Africa and Mozambique","Cape Town, The Winelands, Madikwe, Benguerra Island","World-class dining, safaris and paradise shores with exclusive experiences and relaxation across two stunning African countries.","South Africa","Mozambique","NA"
"48","African Adventures","Epic Kenya","Nairobi, Laikipia, Maasai Mara, Zanzibar","Wildlife adventures in Kenya's private conservancies with highly trained safari experts, ending with beach relaxation on Zanzibar.","Kenya","Tanzania","NA"
"49","African Adventures","Ultimate Rwanda and Tanzania","Virunga Volcanoes, Serengeti, Zanzibar","Combines the wildlife thrills of tracking gorillas in Rwanda and watching big game in the Serengeti with the sandy beaches of vibrant Zanzibar.","Rwanda","Tanzania","NA"
"50","African Adventures","Exceptional Kenya and Tanzania","Maasai Mara, Serengeti, Ngorongoro Crater","East Africa safari combining Kenya and Tanzania's finest national parks with luxury lodges and camps for an unforgettable wildlife experience.","Kenya","Tanzania","NA"
"51","African Adventures","Tanzania Uncovered","Ruaha National Park, Pemba Island","Stylish Tanzanian journey away from crowds with luxury boutique lodges, baobab trees, and wildlife encounters in less-visited regions.","Tanzania","NA","NA"
"52","African Adventures","Botswana and South Africa Luxury Honeymoon","Okavango Delta, Chobe, Cape Town, Winelands","Embark on a luxury adventure that explores the best of Botswana and South Africa, from the Big Five to acclaimed wines.","Botswana","South Africa","NA"
"53","African Adventures","Wild Botswana","Moremi, Khwai, Chobe","10-day exploration of Botswana's diverse habitats, from savannah to waterways, staying in mobile camps for an authentic safari experience.","Botswana","NA","NA"
"54","African Adventures","Epic Zimbabwe","Mana Pools, Lake Kariba, Hwange National Park","Diverse Zimbabwe experience with big game safaris, fishing, and Victoria Falls, showcasing the country's spectacular wilderness areas.","Zimbabwe","NA","NA"
"55","African Adventures","Highlights of Zambia, South Africa and Mozambique","Victoria Falls, Sabi Sands, Bazaruto Archipelago","Experience the best of Southern Africa, from the thundering Victoria Falls, a big five safari in the Sabi Sands to relaxing on an idyllic beach in Mozambique.","Zambia","South Africa","Mozambique"
"56","African Adventures","Wild Madagascar","Andasibe-Mantadia, Antananarivo, Ranomafana, Isalo, Ifaty","Showcases Madagascar's bizarre wildlife including various lemur species across different national parks with unique landscapes and beach relaxation.","Madagascar","NA","NA"
"57","African Adventures","Honeymoon in Morocco","Marrakech, Atlas Mountains, Oualidia","An enchanting ten-day honeymoon in Morocco blending luxury, cultural discovery, and intimate moments across varied Moroccan landscapes.","Morocco","NA","NA"
"58","African Adventures","Egypt Unveiled","Cairo, Aswan, Nile Cruise, Luxor, Hurghada","Classic tour taking in all Egypt's highlights including Cairo, ancient Luxor, Red Sea coast, and a Nile cruise with private guides and luxury accommodations.","Egypt","NA","NA"
"59","African Adventures","Namibian Desert & Dunes","Sossusvlei, Etosha National Park","Discover the dramatic landscapes of Namibia, from the towering dunes of Sossusvlei to the wildlife-rich Etosha National Park.","Namibia","NA","NA"
"60","Oceania & Pacific","Exceptional Australia and New Zealand","Waiheke Island, Rotorua, Queenstown, Sydney, Whitsundays, Uluru","Epic journey through New Zealand and Australia with once-in-a-lifetime opportunities, sensational scenery, and world-class food and wine.","New Zealand","Australia","NA"
"61","Oceania & Pacific","Australia Honeymoon","Melbourne, Hamilton Island, Sydney, Bouddi Peninsula","Journey from urban Melbourne to the Great Barrier Reef, exploring Sydney and the laid-back Bouddi Peninsula with luxury accommodations throughout.","Australia","NA","NA"
"62","Oceania & Pacific","Ultimate New Zealand","Auckland, Bay of Islands, Queenstown, Milford Sound","Experience the breathtaking landscapes of New Zealand from the subtropical north to the dramatic south, with adventure activities and premium lodges.","New Zealand","NA","NA"
"63","Oceania & Pacific","Fiji Island Paradise","Viti Levu, Matamanoa Island","Experience the ultimate South Pacific escape with pristine beaches, crystal-clear waters, and the warm hospitality of Fiji at exclusive island resorts.","Fiji","NA","NA"
"64","Oceania & Pacific","Cook Islands Retreat","Rarotonga, Aitutaki","Discover the unspoiled beauty of the Cook Islands with private villas, lagoon cruises, and authentic Polynesian culture in this Pacific paradise.","Cook Islands","NA","NA"
"65","Oceania & Pacific","Tahiti Overwater Luxury","Moorea, Bora Bora","Experience the iconic overwater bungalows of French Polynesia with spectacular mountain views, vibrant coral reefs, and unparalleled luxury service.","French Polynesia","NA","NA"
"66","Oceania & Pacific","Samoan Serenity","Upolu, Savai'i","Escape to the untouched beauty of Samoa, with its lush rainforests, pristine beaches, and rich Polynesian culture.","Samoa","NA","NA"
"67","Caribbean & Central America","Ultimate Costa Rica","Central Valley, Arenal, Osa Peninsula, Manuel Antonio","Experience the very best of Costa Rica with verdant coffee plantations, active volcanoes, wildlife-rich jungles and adrenaline-fuelled activities.","Costa Rica","NA","NA"
"68","Caribbean & Central America","Nayara Tented Camp","Arenal, Papagayo Peninsula","Once in a lifetime honeymoon in Costa Rica ideal for wildlife and nature lovers, combining luxury tented accommodations with all-inclusive beach relaxation.","Costa Rica","NA","NA"
"69","Caribbean & Central America","Ultimate Guatemala & Belize","Antigua, Lake Atitlan, Tikal, Mountain Pine Ridge, Cayo Espanto","An adventurous honeymoon through Guatemala and Belize, taking in vibrant cultures, fascinating history and wild jungle, before escaping to a paradisiacal private island.","Guatemala","Belize","NA"
"70","Caribbean & Central America","Ultimate Colombia & Galapagos","Bogota, Medellin, Cartagena, Quito, Galapagos","Takes in the best of Colombia and the enchanting Galapagos Islands, exploring handsome cities and meeting incredible wildlife.","Colombia","Ecuador","NA"
"71","Caribbean & Central America","Caribbean All-Inclusive Luxury","St. Lucia (Jade Mountain and Sandals)","Experience the pinnacle of Caribbean luxury at two distinctive properties on one island, combining architectural marvel with all-inclusive convenience.","St. Lucia","NA","NA"
"72","Caribbean & Central America","St. Lucia Luxury Hideaway","Soufriere, Gros Islet","Features Balinese style oceanfront cottages with pools, luxury suites and swim-up rooms on one of the Caribbean's most beautiful islands.","St. Lucia","NA","NA"
"73","Caribbean & Central America","Sandals Royal Curacao","Curacao","The ideal Caribbean all-inclusive honeymoon on an exotic southern Caribbean island that is hurricane-free during summer and fall months.","Curacao","NA","NA"
"74","Caribbean & Central America","Turks & Caicos Tranquility","Providenciales","Indulge in the pristine beaches and turquoise waters of Turks & Caicos, with luxury beachfront resorts and unparalleled relaxation.","Turks & Caicos Islands","NA","NA"
"75","Caribbean & Central America","Bahamian Bliss","Exuma Cays","Experience the ultimate in secluded luxury in the Bahamas, island hopping through the Exuma Cays, swimming with pigs, and enjoying private beaches.","Bahamas","NA","NA"
"76","Caribbean & Central America","Panama Canal & Rainforest","Panama City, Gamboa","Combine the modern city of Panama with the lush rainforests and the engineering marvel of the Panama Canal.","Panama","NA","NA"
"77","South America","Ultimate Chile","Atacama, Santiago, Lake District, Torres del Paine, Winelands","Takes in Chile's real highlights, including the spectacular Torres del Paine in Patagonia and the rugged Atacama Desert, staying in unique accommodations.","Chile","NA","NA"
"78","South America","Limitless Brazil","Rio, Amazon, Trancoso","An awe-inspiring Brazilian adventure with indulgent luxury, combining buzzing Rio de Janeiro, diverse Amazon rainforest wildlife, and beautiful palm-fringed beaches.","Brazil","NA","NA"
"79","South America","Peru & Galapagos Adventure (continued)","Lima, Sacred Valley, Machu Picchu, Quito, Galapagos","Combine the ancient wonders of Peru with the natural marvels of the Galapagos Islands for a perfect blend of culture and wildlife.","Peru","Ecuador","NA"
"80","South America","Argentina Passion","Buenos Aires, Mendoza, Patagonia","Experience the vibrant culture of Buenos Aires, world-class wines of Mendoza, and the breathtaking landscapes of Patagonia with luxury accommodations.","Argentina","NA","NA"
"81","South America","Ecuadorian Highlands & Amazon","Quito, Otavalo, Amazon Rainforest","Discover the colonial charm of Quito, the indigenous markets of Otavalo, and the incredible biodiversity of the Amazon Rainforest.","Ecuador","NA","NA"
"82","North America & Hawaii","Highlights of California and Hawaii","San Francisco, Kauai, Big Island, Los Angeles","Combines rugged mountains, rainforests, wildlife, waves, beaches, surf, and city experiences across the Golden State and Hawaiian islands.","United States","NA","NA"
"83","North America & Hawaii","Dream Hawaii Island Hopping","Kauai (Poipu Beach), Maui (Kaanapali Beach)","Experience the diverse beauty of Hawaii's most stunning islands, from the dramatic Na Pali Coast to the golden beaches of Maui.","United States","NA","NA"
"84","North America & Hawaii","Uniquely Designed Kauai Honeymoon","North and South Kauai","Combines the North and South of Kauai at the top two luxury resorts, Grand Hyatt Kauai and 1 Hanalei Bay, for a comprehensive island experience.","United States","NA","NA"
"85","North America & Hawaii","Romantic Oahu, Maui and Kauai","Oahu, Maui, Kauai","The ideal three-island honeymoon package for couples who want to see the best of Hawaii with luxury accommodations throughout.","United States","NA","NA"
"86","North America & Hawaii","Luxury Hawaii Honeymoon","Kauai (Grand Hyatt), Maui (Ritz Carlton)","Features paradise in Kauai and seclusion and luxury at the iconic Ritz Carlton in Maui for the ultimate Hawaiian escape.","United States","NA","NA"
"87","North America & Hawaii","California Coast & Wine Country","San Francisco, Napa Valley, Big Sur, Santa Barbara","Drive along the iconic California coast, explore the vineyards of Napa Valley, and enjoy the beauty of Big Sur and Santa Barbara.","United States","NA","NA"
"88","North America & Hawaii","Canadian Rockies & Vancouver Island","Banff, Lake Louise, Victoria, Tofino","Experience the majestic beauty of the Canadian Rockies and the wild Pacific coastline with luxury mountain lodges and seaside resorts.","Canada","NA","NA"
"89","North America & Hawaii","Alaska Wilderness & Luxury","Anchorage, Denali, Kenai Peninsula","Discover the untamed beauty of Alaska with glacier cruises, wildlife viewing, and luxury wilderness lodges for an adventurous honeymoon.","United States","NA","NA"
"90","North America & Hawaii","New York City & Caribbean Escape","New York City, Antigua","Combine the excitement of New York City with the relaxation of a Caribbean beach escape in Antigua.","United States","Antigua and Barbuda","NA"
"91","Caribbean & Central America","Secrets Moxché Luxury","Riviera Maya, Mexico","Set on a pristine strip of white sandy beach, with lavish suites that offer a contemporary experience with an earthy feel including luxurious amenities.","Mexico","NA","NA"
"92","Caribbean & Central America","Ultimate Luxury Secrets Impression","Maya Riviera, Mexico","The perfect honeymoon package for couples seeking a luxury all-suite, all-inclusive, adult-only resort with exceptional service and amenities.","Mexico","NA","NA"
"93","Caribbean & Central America","Romantic All-Inclusive Cabo","Cabo San Lucas, Mexico","Escape to a romantic intimate all-inclusive resort experience at Hyatt Zoetry Casa Del Mar, the perfect luxury Mexico resort for honeymooners.","Mexico","NA","NA"
"94","Caribbean & Central America","Mexico City & Riviera Maya","Mexico City, Tulum, Riviera Maya","Combine the vibrant culture and cuisine of Mexico City with the relaxed luxury and ancient ruins of the Yucatan Peninsula.","Mexico","NA","NA"
"95","European Escapes","Honeymoon in Swedish Lapland","Stockholm, Swedish Lapland","A seven-night journey through Sweden, from culture and chic restaurants in Stockholm to amorous hideaways and spectacular Northern Lights in Swedish Lapland.","Sweden","NA","NA"
"96","European Escapes","Active Dolomites Ski Safari","Dolomites, Northern Italy","Ideal for adventurous skiers who want to experience the grand tour of the Dolomites in style, maximizing time on the slopes with luxury accommodations.","Italy","NA","NA"
"97","European Escapes","Iceland Northern Lights Luxury","Reykjavik, Golden Circle, Troll Peninsula","Experience the otherworldly beauty of Iceland with private hot springs, glacier adventures, and the magical Northern Lights from luxury accommodations.","Iceland","NA","NA"
"98","European Escapes","Finnish Lapland & Helsinki","Helsinki, Lapland","Combine the sophisticated design of Helsinki with the winter wonderland of Lapland, featuring glass igloos, husky sledding, and aurora viewing.","Finland","NA","NA"
"99","European Escapes","Swiss Alps Winter Romance","Zermatt, St. Moritz","A luxurious winter escape to the Swiss Alps, with world-class skiing, cozy chalets, and romantic evenings by the fireplace.","Switzerland","NA","NA"
"100","South America","Galapagos Islands Cruise","Galapagos Islands","A once-in-a-lifetime expedition cruise through the Galapagos Islands, encountering unique wildlife and breathtaking landscapes.","Ecuador","NA","NA"